5,a rocket flies by followed by a loud explosion and fire crackling as a truck engine runs idle
11,a quiet machine running and a child speaking and then an adult speaks and the child laughs
12,a toy train running as a young boy talks followed by plastic clanking then a child laughing
17,clattering of a train is ongoing a railroad crossing bell rings and a train horn blows
26,a man is speaking as birds are squawking and a dog barks
28,a man speaking followed by dogs barking alongside chimps screaming and birds chirping
29,a man speaking as monkeys scream and dogs bark followed by birds cawing in the distance
30,a large truck driving by as an emergency siren wails and truck horn honks
37,an infant yelling as a young boy talks while a hard surface is slapped several times
38,a young boy talking as a baby is yelling with several slaps on a hard surface
39,a young kid speaking with a series of slapping on a hard surface as a baby is yelling
42,a bus engine running followed by a bus horn honking
43,a bus engine accelerating followed by a bus horn honking while plastic clacks
55,a woman talks and a baby whispers
56,a woman talking as a baby talks followed by plastic thumping
57,a woman and a baby are having a conversation
60,a man talking as a stream of water trickles in the background
66,a kid speaking followed by a toilet flushing then a girl talking
69,music plays and an adult female speaks a flush occurs and water splashes and gurgles and a young female speaks
76,a train clicks on a track
80,a person talking which later imitates a couple of meow sounds
81,a person speaks and makes meow sounds
90,an infant crying followed by a man laughing
92,an infant crying followed by a man laughing
95,a man talking as a door slams shut followed by a door creaking
96,male speech a door closing and then male speech
97,a man speaking followed by a door shutting and then the man speaks some more
99,male speech and then a door shutting
110,water is trickling and a man talks
130,repeated gunfire and screaming in the background
131,rapid gunfire and faint screaming
140,water running with a main is speaking
141,water flowing and splashing from a faucet with a man speaking
143,faucet running and a man speaks
144,faucet water pouring followed by a man talking as water gurgles down a drain
149,a tin can clacking followed by a girl talking then a woman talking
166,a muffled vehicle engine revving then running idle as cloth rustles
176,spray and then a loud pop and hiss
179,air spraying followed by fire igniting then loud audio static followed by pressurized air releasing
181,a motorboat driving by as water splashes followed by wind blowing into a microphone
182,a motorboat driving by as water splashes followed by wind blowing into a microphone
184,a speedboat is traveling across water followed by strong wind noise
208,a click occurs and a low-pitched electronic vibration begins
212,electronic beeping followed by a cat singing then meowing as paper shuffles and a man talks with music playing in the background
213,a man speaks with some quick meows and digital beeps
215,motorboat engine screams as it accelerates
234,men speak as insects buzz
236,a group of people screaming and laughing as firecrackers ignite then explode followed by a muffled explosion
237,screaming and a big explosion and then screaming
238,a group of people screaming followed by missiles launching and loud popping explosions then a slowed down explosion
243,a man speaks followed by loud vibrations
244,a man speaking as a sewing machine rapidly operates followed by another man speaking
245,a man speaks and then whistles
248,a man speaks then whistles
249,a man speaking followed by a series of whistling
250,an adult male is speaking in a quiet environment
253,an elderly man speaking
254,an elderly man speaking
260,a vehicle engine revving as a crowd of people talk
262,humming of a revving idling engine with people speaking in the distance
264,a vehicle engine revving as a crowd of people talk in the background
269,birds tweeting followed by spraying
272,a man talking then laughing as a ducks quack
273,ducks quack as people communicate
274,a man shouting and hollering as ducks quack and chirp while wind blows into a microphone
277,the buzz of the crowd is interrupted by a child shouting followed by a police siren and a horn honking
278,yelling and then siren and horn
286,beeping sound with person talking in the background
290,a man and woman laughing followed by a man shouting then a woman laughing as a child laughs
293,a baby laughing and the female speech and male shouting
294,a baby laughs while a man and a woman speaks and laughs as well
297,a wrapper crinkling and a woman's soft voice
299,a woman speaks quietly during a louder sharp crinkling sound
300,several birds chirp with some hissing
301,several birds tweeting loudly followed by insects chirping
303,birds chirping with insects buzzing and outdoor ambiance
306,an adult male speaks and then an audience laughs and claps somewhat followed by the adult male speaking again and then the audience laughing and clapping harder
307,a man speaking followed by a crowd of people laughing then applauding
309,a man speaks and people laugh and clap
310,a small motor buzzing followed by a man speaking as a metal door closes
314,an electric motor buzzing as a man is talking followed by a door closing
316,a horse clip-clops in a windy rain as thunder cracks in the distance
318,rain falls and distant thunder roars with nearby faint clip-clops of a horse
320,electronic beeping as a man talks and water pouring in the background
321,a series of electronic beeps as a man is talking while water trickles in the background
324,water pours a horn honks and a man speaks
326,rain falls and a man speaks with distant thunder
328,a man and a woman communicates with thunder and rain in the background
329,a man talking followed by another man laughing as rain falls and thunder roars in the distance
340,a man speaking over an intercom as a helicopter engine runs followed by several gunshots firing
341,a man speaking as a muffled helicopter engine runs over an intercom before and after several gunshots firing followed by an electronic beep then radio static
344,a man speaking through an intercom while a helicopter is flying before and after a series of gunshots firing
345,a man talking followed by a goat baaing then a metal gate sliding while ducks quack and wind blows into a microphone
347,a man talking followed by a goat baaing then a metal gate sliding shut as ducks quack and wind blows into a microphone
348,a man talking followed by a goat talking as a metal gate slides shut while ducks quack and wind blows into a microphone
349,a man talking followed by a goat baaing then a metal gate sliding as ducks quack and wind blows into a microphone
353,several motorcycle engines running and revving as a man talks in the background
355,a vehicle door opening as a crow caws and birds chirp while vehicles drive by in the background
356,birds chirping followed by a car door unlocking and opening
357,a car door opening as a crow caws and birds chirp followed by a vehicle driving by in the background
358,birds chirping and then a door unlocking and then opening
359,a vehicle door opening as birds chirp and vehicles pass by in the background
361,a motorboat engine operating as a crowd of people talk followed by metal creaking and a man speaking
371,an aircraft motor is running and whirring is present helicopter rotors slap rhythmically and an adult male speaks in the background
374,a helicopter is flying above while a man is talking
381,people scream with a distant hum and splashing waves
383,several people screaming and laughing with a humming engine and splashing waves
387,a crowd of people applauding
389,a crowd applauds
392,some light tapping on a computer keyboard and a baby crying
395,a series of electronic beeps followed by static
397,a bleeping noise followed by a static noise
399,a mechanical beeping tone followed by static then the return of the beeping
407,a series of loud metal hammering as liquid drains down a pipe followed by a metal chain rattling
409,metal clacking sharply several times as water drains down a pipe followed by metal rattling
414,water moving with male voices soft in the background
416,plastic thumping as a man laughs and a kid talk in the distance as wind blows into a microphone and water is splashing
417,water is splashing and a man laughs
418,a man giggles as the wind blows and water splashes with people speaking in the background
419,plastic thumping as a man laughs followed by a kid speaking in the distance as water splashes and wind blows into a microphone
429,snoring is ongoing and an adult male speaks
432,female speaking followed by crinkling
442,repeated bursts of spray
448,tick took of a clock
453,multiple gunfire sounds and men speak
455,footsteps shuffling on snow alongside a camera muffling while wind blows into a microphone
457,muffled rustling noise over wind blowing over a microphone
458,footsteps walking on snow with wind blowing on a microphone and camera muffling during audio feedback buzzing
460,duck quacking repeatedly
461,a duck quacking
462,a duck quacking
463,l duck quacks in rapid succession
464,a duck quacking
465,tribal drums playing as footsteps shuffle on wet dirt as frogs and crickets chirp in the background
468,bongos play followed by tapping on paper as frogs croak and crickets chirp in the background
471,a rooster clucking followed by a dog whimpering proceeded by a man laughing then talking before a dog barks
473,a rooster cackles and a dog yelps and whimpers followed by a man laughing and then speaking then the dog barks
474,a dog whimpers then a male voice laughs and talks as the dog starts to bark shortly after
476,high pitched motorized vibrations
478,a tool motor is humming and metal whirring and grinding are occurring
490,metal scrapping against a wooden surface followed by sand scrapping then more metal scrapping against wood
491,rapid filing and scraping of wood occurs followed by brushing and a thump
493,metal scrapping against a wooden surface followed by light sanding then metal scraping against a wooden surface
496,a woman speaks and a cat meows
498,a woman talking as a cat meows
501,a man is speaking with whistling and rain background noise
502,whistling is ongoing while an adult male speaks and water is pattering in the background
504,a man talking as another person whistles while water trickles on a hard surface in the background
509,plastic crumpling and crinkling are ongoing and an adult male speaks
516,a man speaks with others speaking in the distance followed by a girl speaking and others laughing
526,a man speaks while water splashes
529,a man talks while water burbles
533,a person snoring followed by a man exhaling loudly
535,a man talking followed by a series of belches
537,a man speaks briefly followed by a succession of several eructations
538,a man speaks followed by burping
539,a man talking followed by a series of belches
540,a man speaks while typing occurs
542,a man speaking followed by typing on a keyboard
543,a man speaks followed by clicks on a computer keyboard
546,metal clacking in a pan as a woman talks while food and oil sizzle
549,an adult female speaks in the foreground while sizzling is ongoing and metal thumps occur
555,a woman speaks and continues to do so as a dog starts barking
556,female speaking and a dog barking
557,a woman speaks followed by a dog barking
558,a woman speaks and continues to do so as a dog starts barking
559,a woman is speaking followed by a dog growling and barking
567,wind blowing and leaves rustling followed by plastic clicking and wind blowing into a microphone
568,wind blowing with some leaves rustling
570,an engine running and helicopter propellers spinning
575,people are talking along with knock sounds
580,a dog barking and growling while plastic rattles and clanks against a hard surface
583,a dog barking and growling as plastic rattles and clanks against a hard surface
594,humming of a passing vehicle with a honking engine and wind blowing
599,a vehicle engine revving several times
604,a man is speaking as tap water runs
605,ocean waves crashing as a man talks in the distance and wind heavily blows into a microphone
613,a person burps followed by laughter
614,a person belching several times as a group of people laugh
620,the wind is blowing an adult male speaks via an electronic device and a click occurs
626,a frog chirping as a woman talks over an intercom and water splashes in the background followed by wood falling on a hard surface
628,a frog croaking as a woman talks through an intercom while water is splashing and wood clanks in the background
637,a man talking and plastic clicking as a vehicle engine accelerates
640,a girl burping then laughing followed by a group of girls laughing and talking
641,burping occurs and several young adult females laugh and speak
645,traffic hums and beeps with revving engines and a man speaking nearby
646,a man talking followed by a vehicle horn honking then a motorbike accelerating and driving by
649,male speech and an engine revving and a honk in the distance
650,a person is sawing wood and music is playing in the background
652,rustling and sanding on wood with distant music playing
653,sawing wood with music playing in the distance
654,wood sawing and metal filing as orchestral music plays in the background
655,some scratching and rustling with small clicks
657,some rustling and scratching with a short click
661,a man and a woman talking as an infant cries while a duck quacks in the background
662,people speaking followed by a duck quacking and a child crying
663,duck quacking and man and woman talking while baby cries
664,a child cries and a man and woman speaking with a duck quacking
665,a power tool vibrating quick followed by a man speaking and some bangs
666,a power tool drilling followed by a man talking then wooden thump followed by a door closing shut
667,a power tool drilling followed by metal clacking then a man talking proceeded by a door closing shut
668,a small tool motor runs and whirs twice with metal clicking an adult male speaks a door shuts and clicks and three thumps occur
670,some clicking followed by a sneeze and a man laughing
671,several faint clicks are followed by a person sneezing and coughing
672,a person sneezes and coughs
673,someone sneezes through static and then coughs several times in quick succession
677,a man speaking followed by a goat baaing
678,a man speaks and a small goat bleats
682,water trickling as a machine hums in the background followed by water spraying
684,water trickling as a machine motor hums followed by water spraying from a shower
685,water trickles splashes and gurgles slow at first and then faster and an adult male is speaking
688,a man speaks as water runs
693,a child speaking with crying and an adult female speaking
694,a young boy crying as a woman is talking
695,a man yelling followed by an infant crying then a woman shouting as a crowd of people talk and laugh
705,fly buzzing followed by frog swallowing it and then a croak
707,a fly buzzing and a frog croaking with musical sounds
709,'an insect buzzing as hollow wood clanks twice followed by a person gulping and a frog croaking proceeded by another insect buzzing and guitar music begins playing
710,hissing together with an engine chugging
711,a steam engine running on railroad tracks as steam hisses and metal clacking occur in the background
713,a steam engine running on railroad tracks as steam releases and hisses
735,a man talking as a kid yells followed by an aircraft flying in the distance as wind blows into a microphone
741,a clock ticking
743,a clock ticking
744,a clock ticking
748,a man talking followed by a popping burst then a man screaming proceeded by a crowd of people laughing
749,men speak followed by a small burst and people laughing
753,hissing and gurgling of water flowing down a toilet
758,rockets igniting followed by footsteps on concrete as multiple vehicle engines run while idle
760,several gunshots with a click and glass breaking
762,several gunshots followed by a click and glass breaking
763,several gunshots ring out with glass breaking and a few clicks
766,a man talking followed by metal shuffling then a power tool drilling
767,a man talking followed by plastic clacking then a power tool drilling
769,a man speaking together with intermittent brief drill operating
770,a man is giving a speech while the crowd is chanting and clapping in the background
774,a man speaking on a microphone as a crowd of people chant and clap while wind blows into a microphone
776,a loud burst followed by humming and a heartbeat then a man speaks
778,a quick loud explosion as music plays with pulsating sounds followed by a man talking
779,a loud burst followed by musical notes and a heartbeat followed by a man speaking
780,a motorboat engine running as wind blows into a microphone
785,ducks quacking and chirping followed by a man talking while water trickles
790,humming from a motor with loud dry cracking
801,a duck quacking followed by a man speaking
802,a duck quacks followed by a man talking
803,ducks quack and a man speaks
804,several quacks of a duck are followed by a man speaking
809,man and woman talking
815,rubbing and scraping a rough surface
816,continuous scraping and scratching against a surface
818,dry scraping and scratching
820,an emergency vehicle has the siren on
821,ambulance siren repeatedly and then continuous
822,a police siren going off
826,a man whistles and then speaks loudly while some rustling and banging in the background
832,a man talking as a motorbike engine revs and accelerates
833,a man speaks as a motorcycle accelerates
840,a dog barking as a man is talking while birds chirp and wind blows into a microphone
842,dogs are barking with wind noise while people are speaking
843,several people talk as a few dogs bark birds chirp and wind rustles
845,a herd of sheep baaing
846,several sheep bleat
847,a flock of sheep baaing
848,a group of sheep are baaing
849,a flock of sheep baaing
850,rain falling as a motor engine runs idle and a man talks
851,rain falling with distant humming and a man speaking
852,rain falling as a machine motor runs followed by a man speaking
853,rain falling as a machine engine hums followed by a man talking
854,rain falling and male speech
858,insects buzzing as wind blows into a microphone and birds chirp in the background
859,a swarm of insects buzzing as birds chirp in the background while wind blows into a microphone
861,children speak and a woman speaks then a baby cries
867,an idling engine humming non stop
869,machinery running
873,wind blowing hard and a loud humming engine
886,a door slamming shut
900,a male speech and wind and then birds chirping
901,while birds chirp and the wind blows an adult male speaks in the foreground and people talk in the background
902,a man speaking with light wind followed by brief silence then birds chirping 
904,a man talking as another man speaks in the background followed by birds chirping and leaves rustling while wind blows into a microphone
905,a man speaking followed by a woman talking then plastic clacking as footsteps walk on grass and a rooster crows in the distance
910,a paper is being crumpled
911,plastic and paper crinkling as cardboard clacks against a hard surface
912,some crinkling of cellophane
913,crumpling occurs followed by a thud and then crinkling
914,paper is crinkling and crumpling and thumping occurs
917,bells ringing repeatedly
920,a domestic pet is making noises and a baby cries
930,a helicopter flying as wind blows into a microphone
932,a helicopter flying with wind heavily blowing into a microphone
940,several bursts and explosions with grunting and growling
944,a series of bursting and popping sound effects
945,a bell is ringing
947,a bell ringing repeatedly
948,a bell ringing repeatedly
954,tires squealing and an engine revving
956,paper tearing followed by an electric motor buzzing before more paper tears than crinkles as bells chime proceeded by a toilet flushing
957,an electronic motor buzzing and paper tearing followed by a bell chiming and a plastic click then a toilet flushing as paper crinkles in the background
959,an electronic device buzzing followed by paper tearing and then crumpling as a bell rings before a toilet flushes
966,motorcycle starting and taking off
967,plastic clacking followed by a motorbike and a motorcycle engine starting up then accelerating
968,starting a motorcycle
970,applause and speech followed by a loud high pitched bell and more applause and speech
971,a man and woman speak and people clap and a bell rings
973,an audience applauds and cheers as an adult male speaks a bell and buzzer ring and the adult male speaks again
974,a man and a woman talking followed by a bell ringing as a crowd of people applaud
980,a kid crying as a man and a woman talk followed by a car door opening then closing
982,a baby cries as adults speak with clicking and banging of a car door
983,a kid crying as a man and woman talk while a vehicle door opens then closes
984,a child crying and a car door closing
986,a man speaks with wind blowing and buzzing of insects
1007,rain and thunder
1008,it is thundering and raining
1010,an aircraft engine flying before becoming louder while several rapid gunshots fire
1011,vibrating followed by rapid gunshots with an airplane engine
1012,an engine chugging loudly together with gunfire
1013,machine gun fire coming from an airplane
1014,humming of an engine with rapid gunshots
1026,humming of a distant aircraft engine
1028,an aircraft engine sharply running
1044,birds are chirping ducks are quacking and other bird whistling noises
1055,a man speaking as an insect buzzes followed by a woman laughing then another man talking
1056,a female speaking and an insect buzzing and then a male speaks
1057,a man talking as an insect buzzes followed by a woman laughing then a man talking
1058,an adult female speaks an insect buzzes the adult female laughs and then an adult male speaks
1059,a woman talks followed by a buzzing bee right before a man and woman take turns talking
1062,a man burping followed by belching while wheezing
1063,a man burping then inhaling followed by another burp while wheezing
1069,someone moving around followed by sink water running
1070,a power tool drilling as music plays followed by someone blows air then plastic clanking and a man speaking
1071,drilling sound with light music in background then a man speaking
1072,a power tool drilling followed by someone blows air then a man talking as rock music plays in the background
1073,a power tool drilling followed by a person blowing air then a man speaking as light rock music plays in the background
1074,drilling with music playing and a man speaks
1075,a man talking followed by another man speaking then a group of people laughing and a man speaking a bit in the background
1076,men speak followed by laughing
1079,a man talking then another man talking followed by a group of people laughing then another man talking
1080,a crowd of people talking as ducks quack and a motorboat speeds by in the distance
1090,two men speaking followed by plastic clacking then a power tool drilling
1093,two men communicating with each other followed by plastic clacking then a power tool drilling as wind softly blows into a microphone
1094,two men talking followed by plastic clacking then a power tool drilling
1098,a crowd of people cheering and applauding
1099,a crowd of people shout and give applause
1106,nature sounds with birds chirping and singing
1107,nature sounds with birds chirping
1113,continuous gunshots a man grunts and more gunshots
1122,typing on a keyboard is ongoing in a quiet environment
1125,small dogs yip and whimper
1148,groaning followed by a bang and breaking glass followed by men speaking with seagulls cawing in the distance
1155,a large bell rings out multiple times
1160,a man speaking as plastic is clanking followed by a door hatch opening and plastic tumbling with a vehicle engine revving in the background
1163,a series of plastic clanking followed by a car door opening then a vehicle engine accelerating in the distance while a man is talking
1165,rain is splashing on a surface while rustling occurs and a car door shuts and traffic is discernible in the distance
1167,rain falling followed by fabric rustling and footsteps shuffling then a vehicle door opening and closing as plastic crinkles
1168,rain falling followed by footsteps walking on grass then a vehicle door opening then closing
1173,a vehicle horn honking as a motor engine gurgles and wind blows into a microphone
1186,a man speaking continuously
1192,a duck quacking and a bird chirping followed by footsteps on a wooden surface then a man talking
1193,a duck quacks as footsteps thump on wood while a bird chirps followed by a man talking
1200,graveling shuffling followed by a young kid talking as pigeons are cooing and a motor hums in the background
1201,pigeons are coo- cooing as a man is yelling for someone
1206,a mid-size motor vehicle engine is idling and an adult male speaks
1216,female speaking and a sheep bleating
1218,a woman and young man are speaking over bleating sheep
1219,sheep bleat and a woman speaks
1226,wind blowing heavily into a microphone as seagulls squawk and ocean waves crash in the background
1228,seagulls squawking as ocean waves crash while wind blows heavily into a microphone
1232,water flowing and trickling
1237,a woman and man talk on the phone
1255,a man talking as ocean waves trickle and splash while wind blows into a microphone
1256,a man talking as water splashes and wind heavily blowing into a microphone
1258,wind blowing and water splashing as a man speaks
1259,a man talking as water splashes and wind blows heavily into a microphone
1261,tapping noise followed by splashing and gurgling water
1270,two adult males speak a small horn blow and clattering occurs
1271,men talking over a background humming noise then an alarm blares
1272,a door shutting followed by two men talking then a horn honking and slapping on a wooden surface
1273,a man speaks and then a horn blows 
1274,a door shutting followed by a couple of men talking then a horn honking and wood clanking
1275,a man speaks then whistles with a playing guitar
1276,a man speaks then whistles with a playing guitar
1277,a man talking then whistling as guitar music plays
1278,a man speaks followed by whistling and guitar music
1279,a man speaks followed by whistling and guitar music
1295,vibrations of an idling engine with a man speaking
1300,a vehicle engine starting up then running idle
1301,a vehicle engine stalling then starting up and running idle
1302,a vehicle engine stuttering while starting up then running idle
1304,a vehicle engine stalling then starting up and running idle
1305,wind blowing followed by a scream with people speaking faintly in the distance
1315,a kid speaking as camera plastic clicking followed by a crowd of people gasping and talking followed by a person whistling
1318,two young girls speaks with distant clop-clops followed by a loud gasp from a crowd
1319,a young girl talking as a crowd of people talk then gasp
1320,a woman talking while a group of children shout and talk in the background
1321,a woman speaking together with a crowd of children murmuring
1327,a man talking as metal thumps followed by plastic rustling then a power tool drilling while a metal pot clangs against a hard surface
1331,several basketballs bouncing and shoes squeaking on a hardwood surface as a man yells in the distance
1332,a man yelling in the background as several basketballs bounce and shoes squeak on a hardwood surface
1333,a man yelling in the distance as several basketballs bounce and shoes squeak on hardwood floors
1334,multiple basketballs bouncing on a hard surface and shoes squeaking as a man shouts in the distance
1336,an infant crying as a group of women and children yell in the background as a woman talks in the foreground
1338,a kid crying as a crowd of people talk in the background and a woman is yelling
1339,a young child cries as people speak
1343,two men talking as a truck engine runs idle and wind blows into a microphone
1345,a train honks horn and passes by
1348,a train horn honking followed by a train running on railroad tracks
1351,a bell chiming as a clock is ticking
1352,a bell ticks with a thumping noise
1353,a bell chiming as a clock is ticking
1359,meat sizzling with insect sounds in background
1363,an appliance motor is running and obvious vibration and knocking are occurring and an adult male and a child speak and the vibration continues followed by an electronic beep
1375,instrumental music playing followed by heavy fabric being rustled then a man whistling
1385,babies are laughing followed by a fizzling sound
1388,babies laugh with a spray noise
1399,close ocean waves
1407,a man speaking with intermittent metal scraping 
1408,male speech and metal scraping
1410,horses growl and clop hooves
1411,a horse neighs followed by horse trotting and snorting
1412,horses neighing and snorting while trotting on grass
1413,horses neighing then snorting and trotting on a dirt surface
1414,horses neighing and stomping on the ground
1416,a man talking followed by a woman talking while an electronic beep plays with a person claps before someone belches then a man and woman laugh
1418,a man talking followed by a person clapping then electronic chimes alongside a woman talking before another person claps proceeded by a person belching and two people laughing
1420,audio static followed by a man laughing before an electronic device motor slides then an infant cries
1423,a maniacal laugh followed by a crying baby
1429,an engine roars as someone is speaking over a machine
1435,a telephone dialing tone followed by a plastic switch flipping on and off
1436,a telephone dialing tone followed by a plastic switch flipping
1437,a phone dial tone playing followed by a plastic switch flipping
1438,a telephone dialing tone beeping as a plastic switch flip on and off
1439,dialing and clicking
1441,loading and firing of a gun with the sound of running o f footsteps at the end and a man speaking
1442,clicks of weapons being loaded followed by a gunshot and a clink then a man speaks
1444,a gun cocking followed by a gunshot and a man talking
1465,a telephone ringing
1466,a telephone rings repeatedly with some buzzing in the background
1467,an old fashioned telephone ring occurs repeatedly and buzzing is present in the background
1468,a telephone rings several times
1471,man speaking continuously with hissing in the background
1472,a man is speaking with hissing background noises
1480,a goat yelling while a group of people laugh and talk alongside bells jingling and a motorbike driving by in the distance
1482,a crowd of people talking and laughing with a motorbike engine running followed by a goat screaming then a person clicking
1484,a goat yelling as a crowd of people talk and vehicles drive by in the background followed by people laughing and someone clicking
1485,a footstep shuffling on a hard surface followed by plastic clacking then a toilet flushing
1487,clinking followed by a toilet flushing
1488,some rustling followed by a toilet flush
1492,released air hissing followed by a popping explosion then a metal ding persists as a person is laughing and a man is talking 
1493,steam hissing followed by a loud burst proceeded by warning sirens then a man laughing followed by another man talking
1496,a short beep sounds and people talk far away
1498,a shrill beep followed by four clicks while low voices converse in the background
1517,'a group of young adults laughing followed by a man shouting as a stream of water splashes and flows while wind blows
1524,a hissing sound followed by laughter
1527,applause from a crowd with distant clicking and a man speaking over a loudspeaker
1528,a crowd of people talking then applauding as a man speaks over an intercom
1530,keys typing repeatedly
1533,typing on computer keyboards
1535,a baby laughing loudly
1536,an infant laughing moderately
1537,an baby laughing
1538,an infant laughing
1539,a baby laughs repetitively
1543,water hissing followed by a man breathing aloud then a toilet flushing
1548,a crowd of people talking as a person repeatedly coughs
1549,mid frequency of multiple people in the distance talking and yelling followed by coughing
1570,a main is speaking over a group of bees are buzzing
1571,an adult male speaks while a many insects buzz
1597,ocean waves crashing as water trickles as gusts of wind blow and seagulls squawk in the distance
1598,water flows and wind flows with seagulls in the distance
1599,ocean waves crashing and water splashing as gusts of wind blow and seagulls squawking in the distance
1605,a man talking followed by plastic crumpling and crinkling
1606,a man talking followed by plastic crinkling and crumpling
1607,a man talking followed by plastic crinkling and crumpling
1613,water splashing as rain falls and trickles on a wet surface followed by thunder while wind blows into a microphone
1615,a toilet flushing followed by an infant shouting in the distance then another toilet flushing
1620,artillery cannons firing several times
1622,loud explosions and burst that echo
1623,artillery cannons firing several times with an echo
1627,hissing and buzzing of insects with a horse neigh and clip clops
1636,a young boy talking as a duck is quacking while water trickles and frogs croak in the background
1637,a woman speaks with distant quacks of a duck
1638,a pretend duck quacks in cartoon fashion while an adult female speaks
1639,a female voice and a duck quacking
1640,music plays followed by some banging and whooshes then gunshots and a grunt from a man
1641,music playing with some whooshes and gunshots with faint brief speaking
1642,music plays continuously along with swooshing followed by a man speaking quickly
1643,loud metal/rock music plays with gunshots heard in the background
1654,a man speaking as a horse is trotting while a man talks then laughs in the background
1672,a vehicle engine revving as tires skid and squeal
1673,a motor vehicle is skidding its tires
1676,a domestic animal meows
1677,a small motor is running five hisses and a meow occur then five more hisses and a meow occur
1680,food sizzling while cooking
1685,a man talking followed by a woman shouting then yelling as wind blows into a microphone while birds chirp in the background
1689,distant clip clops of horses with a man speaking and a woman screaming
1699,water splashing and wind blowing over a microphone
1703,a man talking as a machine motor hums followed by electronic buzzing
1704,a man speaking while power tools are whirring and running in the background
1707,a stream of water rushing and trickling followed by a young man whooshing
1710,someone whistles followed by a bird tweeting with chirps in the background
1711,whistling and birds chirping back and forth
1712,whistling with birds chirping
1713,whistling followed by birds chirping
1715,instrumental music playing as a woman speaks followed by rain pouring then rain falling on a surface
1716,music playing followed by a woman talking and rain falling then rain falling on a surface
1717,music with rain falling and a woman speaking
1718,a female speech music and rainfall
1723,a train makes hissing sound followed by people speaking lowly in the background
1730,a bus accelerating followed by a man speaking
1733,a bus engine accelerating followed by a man talking then a woman speaking in the background
1735,a baby is crying and a woman speaks
1738,an infant crying with another infant crying in the background followed by a woman speaking
1740,whistling and then a female singing
1741,a person whistling followed by a young woman singing
1742,whistling with some distant humming and a girl singing
1743,a woman whistles and sings
1744,whistling occurs followed by an adult female singing
1751,a child laughing followed by a man talking as snow shuffles in the background
1753,a child laughing followed by a man talking as snow shuffles in the background
1756,a man talks in the background while a vehicle engine revs as tires skid then accelerates
1758,a vehicle engine running idle as a man is talking then accelerating with tires skidding and squeaking
1759,humming and accelerating of a car engine with squealing tires and people speaking faintly
1760,a woman speaks followed by a girl speaking faintly
1765,typing is occurring on a typewriter with fast and sharp taps and intermittent zipping of the carriage
1766,typing on a typewriter
1767,rapid typing and then sliding
1769,typing on a typewriter
1770,a door closes followed by a toilet flushing
1772,metal clacking followed by a door closing as water trickles then a toilet flushing
1774,metal rattling followed by a door slamming shut then plastic clacking proceeded by a toilet flushing
1782,a motorcycle engine is running and a man is talking
1783,motorcycle engine idles while a man speaks
1805,a man speaking as a vehicle horn honks in the background and another man talks in the distance
1808,male speech with horns honking in the background
1813,a baby is crying
1819,a man speaks as helicopter blades spin followed by loud explosions
1823,water running out of a faucet some hitting a sink bottom and some water filling a cup
1824,a faucet pouring water as a plastic container fills with liquid and scrubbing against a plastic surface while water trickles
1825,loud wolf whistles occur twice in a quiet environment
1831,whistling with wings flapping birds chirping and pigeons cooing
1832,whistling with pigeons cooing wings flapping and birds chirping
1834,whistling with flapping wings and cooing pigeons with other birds chirping
1835,a man talks as an engine idles loudly
1841,a woman talking followed by a bird whistling then a woman whistling
1842,an adult female speaks and claps a bird whistles in the foreground another bird chirps in the background and then a human whistles a tune
1843,a woman talking followed by a bird whistling then a person whistling
1844,a woman talking before clapping followed by a bird whistling then a woman whistling
1845,wind blowing heavily into a microphone as a speedboat drives by and water splashes in the distance followed by a man talking
1847,wind noise while a water vehicle is traveling across water and a man talks
1861,various conversation occur in a crowd a train bell dings followed by a train whistle cheering occurs at the end
1862,muffled crowd noise while a bell dings
1866,a man talking as rain falls and thunder roars in the background
1875,a cat meowing and young female speaking
1876,a young kid is talking as a cat is growling then meowing with a series of electronic buzzing
1877,a cat screaming then meowing as a young boy is talking during a series of electronic buzzing
1878,a cat meows and hisses and a child speaks
1879,a cat is meowing and a child is speaking
1895,a woman speaks followed by a sewing machine slow stitching
1898,humming followed by a woman speaking with slow ticks of a sewing machine
1899,humming followed by a woman speaking and slow clicks of a sewing machine
1904,low speech from a man followed by machine making a beeping noise
1905,a quick burst of vibrations from a sewing machine with clicking and rattling
1908,a sewing machines a sewing then suddenly stopping with some squeezing
1910,leaves rustling in the wind with dogs barking and birds chirping
1911,a person clapping followed by a dog barking then knocking on a glass surface as birds chirp during outdoor ambiance
1912,a person clapping followed by a dog barking then wood clanking as birds chirp and gusts of wind blow in the background
1913,a dog barks along with outdoor noises
1914,a dog barks quickly
1917,a young woman is talking 
1928,a small child speaks followed by crinkling and cracking
1937,a mid-size motor vehicle engine is idling and clacking somewhat followed by mid-size motor vehicles accelerating quickly with a brief tire squeal
1945,a crowd applauds with laughter while people communicate followed by a woman speaking
1946,a crowd is applauding an adult female speaks the crowd laughs claps and whistles and then another adult female begins to speak
1948,applause a female speech and whistling
1950,a gunshot is followed by a click and clack and then a second gunshot
1951,ducks squeaking in the distance followed by a shotgun blast
1952,birds chirp followed by some clicking then gunshots
1953,birds chirping as a gun cocks followed by a gunshot and a man chuckling while metal clanks then another gunshot alongside ducks quacking
1954,metal clicking before a gunshot firing followed by a person sighing and metal clanking while wood clacks proceeded by another gunshot firing as ducks quack in the distance
1956,several cats meowing followed by a man singing in the background
1958,several cats meowing followed by a man singing in the background
1977,humming of a large truck engine with blowing wind
1980,a fire truck sounds the siren and an engine is idling
1981,an emergency vehicle sounds siren followed by a vehicle engine idling
1982,an emergency siren wailing followed by a large truck engine running idle
1983,emergency sirens followed by an engine idling
1984,sirens of an ambulance and fire truck traveling and an engine idling
1988,rain falls tapping on metal a vehicle runs in the distance the tapping sound fades as the rain continues
1996,a woman shrieking and laughing followed by a man laughing in the background and a woman speaks a few words
1998,a woman laughs and then a man laughs with her followed by a boy speaking
2000,pigeons peck coo and flap their wings before a man speaks
2002,pigeons are cooing flapping and a man talks
2004,birds are flapping wings and making noises and a man talks
2007,a mid-size engine is idling and vibrating and is revved up one time
2019,a man speaking while beating eggs
2020,rapid typing and then a ding
2022,typing on a typewriter is ongoing with clicking and clacking a bell rings and a clack occurs with the carriage return
2024,typing on a typewriter followed by a bell chiming
2027,a man speaking followed by applause and laughter from an audience
2034,rattling and banging with faint humming
2038,a child talking followed by a group of people talking then a man talking
2039,a kid talking followed by a group of people talking then a man speaking proceeded by a young girl talking
2040,muffled static followed by a popping and water dripping as birds chirp and vehicles drive by in the background
2041,water is flowing and dripping then suddenly something is broken and birds are communicating in the background
2045,police car siren starts with two horn blasts then becomes a high pitched wail
2054,a toy helicopter flying then powering down before powering up
2055,a synthesized rumble followed by a robotic woman talking alongside electronic beeps followed by a man speaking then another man speaking through an intercom as music plays in the background
2056,a whooshing effect followed by a robotic woman speaking and electronic beeps then a man speaking and music playing along with a man speaking through an intercom
2058,a loud whoosh with computer female voice a beep then male speaking
2059,a loud whoosh followed by a woman speaking then digital beeps and men speaking
2060,a man speaking while crinkling paper followed by plastic creaking then a toilet flushing
2061,a man speaks with some clicking and rattling followed by a flushing toilet
2062,a man talking as paper crinkles followed by plastic creaking then a toilet flushing
2070,a man speaks during a monologue
2083,girl speaks then a loud burp followed by girls laughing
2084,a plastic clack followed by young girl talking then another a young girl burping proceeded by both girls laughing
2090,people are laughing followed by a kid speaking
2106,artillery cannons firing followed by a man talking as someone whistles while a group of men shout and gunshots fire in the background
2113,water is trickling and splashing into more water and thumping is occurring a young child coos and an adult female speaks
2114,water splashing items floating in the water something doping in to the water women voice
2120,bird cooing then the sounds of wings flapping
2125,rain falling with young female speaking
2129,a person laughing followed by a girl shouting as rain is falling on a plastic surface
2135,whistling and then laughing with a male speaking in the distance
2136,young children are whistling and laughing
2137,whistling followed by a child giggling and then moe whistling
2138,a person is whistling and baby is laughing followed by a man talking
2139,a person whistling followed by a young girl laughing as a man talks in the background then another person whistling
2140,a woman breathing heavily followed by two sneezes then nose sniffling
2141,a person breathing heavily then sneezing
2142,a person breathes heavily and sneezes
2143,a woman sneezing and sniffling
2144,a woman heavily breathing then sneezing and then sniffling
2148,a few gunshots followed by a man speaking
2151,a man talking as sheep baa while wind blows into a microphone
2152,wind blows and a man speaks followed by a goat bleating
2153,wind and a goat bleating while a man speaks
2166,a motorboat accelerating and water splashing
2176,wind blows and people speak before goats bleat near and far with distant birds chirping
2177,wind is blowing and birds are chirping a metal bell clangs quietly once and multiple animals bleat while two men speak in the background
2179,a goat bleats and background voices
2180,knocking noises followed by a machine sawing
2181,tapping followed by high pitched buzzing
2184,hard planks click together and an electric saw cuts material
2212,an adult male speaks and a crowd laughs and then cheers and applauds
2217,heavy footsteps walking on a hard surface followed by a man grunting then two explosions
2219,wind blowing followed by heavy footsteps on a solid surface then a man groaning proceeded by two explosions
2220,man talks while sheep bleats followed by another man laughing
2221,loud laughter followed by a brief baa rustling and male speech
2222,men laughing with goat bleating in background
2223,a man is laughing followed by a sheep bleating then man continues to talking
2226,metal clanging as a construction vehicle operates in the background followed by bird wings flapping and pigeons cooing
2227,pigeons cooing and bird wings flapping during light scrapping on a metal surface while a construction machine operates in the background
2229,rattling is followed by pigeon wing flapping and vocalization
2230,a young girl talking while an infant laughs
2232,a young girl talking as an infant is laughing
2234,a young girl talking as a baby is laughing
2240,squealing from a pig with dogs barking and a man speaking
2241,a dog barking followed by a man talking as footsteps walk on grass while a pig oinks
2242,a pig squeals and dogs bark followed by a man speaking
2243,a dog barking as footsteps walking on foliage and a man talking while a pig squeals
2244,oinking pig and barking dog followed by man speaking
2245,an adult male gives a speech
2246,a man speaking into a microphone
2247,a male speaking over a microphone
2248,a man is speaking on a microphone
2249,a man speaking into a microphone
2260,a sewing machine lightly operating as a man speaks before plastic clicking followed by a man speaking again
2261,vibrations from a sewing machine followed by clicks and a man speaking
2263,a sewing machine running then stopping as a man talks followed by a metal click then a soft electronic beep and another metal click
2264,vibrations from a sewing machine with a man speaking with several clicks and beeps
2276,animal sounds and a scream
2290,a sewing machine operating during several metal clacks
2292,a sewing machine operating during several metal clacks
2293,a sewing machine lightly operating after a couple of metal clacks
2294,metal clicking and clacking as a sewing machine slowly operates
2295,a sewing machine operating several times as a man is speaking
2300,drums play as swooshing occurs
2301,a series of whooshing effects as a drum plays music
2302,percussion music playing alongside a series of whooshes followed by a motor humming
2303,music playing and whooshing is happening
2311,a short single beep followed by a man talking
2315,emergency vehicle racing by with siren and a man yelling
2316,a crowd of people talking as emergency sirens sound and a truck accelerates followed by a man speaking over an intercom
2317,a truck engine driving by while emergency sirens wail as a crowd of people talk followed by a man speaking over an intercom
2318,a truck accelerating as emergency sirens wail during a crowd of people talking followed by a man speaking on an intercom
2321,continuous laughing with brief tapping and speech
2324,several people laughing continuously with brief clanking and speech
2330,a woman talking as a crowd of people talk in the background while a lawn mower engine runs followed by a horse neighing
2331,a crowd of people talking followed by a horse neighing as a lawnmower engine runs in the background
2332,'an engine with people speaking and a horse neighing
2333,a crowd of people talking followed by a horse neighing as a lawn mower runs in the background
2334,humming of an engine with people speaking and a horse neighing
2339,water trickling onto a metal surface and filling a container
2340,a woman talking as goats are baaing followed by footsteps on gravel then a man talking while an airplane flies in the distance
2345,a man is speaking while typing
2346,a man is speaking while typing on a keyboard
2347,an adult male is speaking and typing on a keyboard
2348,typing on a keyboard as a man is talking
2350,footsteps are followed by oinking and then a squeal
2352,a grunt from a person followed by footsteps and oinks from a pig with a single squeal
2354,a walking in the grass and a pig oink sound
2355,a vehicle engine running then powering down followed by a man talking in the background
2366,a vehicle horn honking a melody
2367,white noise followed by a musical horn honking
2368,a vehicle horn blares out a musical tune
2374,wind blows hard
2377,a man speaking as footsteps walk on grass while insects are buzzing
2381,door opening and sliding
2383,opening and closing a door
2386,several loud gunshots
2388,several gunshots in quick succession
2400,water splashing and trickling as wind blows into a microphone while a man speaks over a radio
2401,wind blowing and water splashes with a man speaking over a radio
2409,a dog barking while wind blows into a microphone followed by a man speaking in the distance proceeded by a bicycle pedaling alongside leaves rustling and a camera muffling
2413,a person snoring as plastic repeatedly taps the distance
2414,snoring and heavy breathing
2416,ducks quacking and chirping as a rooster crows and a crowd of people talks in the background
2418,ducks quack and people speak in the distance
2434,a vehicle driving and revving several times as tires skid and wind blows into a microphone
2439,a bird sings followed by drumming
2447,a man speaks while another speaks on top as well followed by clapping
2468,a train is making a hissing and chugging sound with people communicating in the background
2472,buzzing nearby insects with men speaking
2474,insects buzzing followed by a man talking
2477,birds call while another bird sings
2478,a bird chirps loudly in the foreground and birds chirp and thumping occurs in the background
2480,sizzling of food frying
2481,a continuous sizzling with oil popping
2483,food frying in a pan
2497,a series of machine gunfire and two gunshots firing as a jet aircraft flies by followed by soft music playing
2499,humming and rattling with rapid fire gunshots and loud bursts
2509,loud snoring repeating
2526,wood sawing as pigeons coo and bird wings flap followed by a woman speaking
2527,wood sawing and scrapping followed by a woman speaking while pigeons are cooing and bird wings are flapping
2528,a rasping sound on wood along with some pigeons cooing followed a woman speaking
2529,rubbing against wood with birds cooing and woman speaking briefly
2541,mechanical humming with some tapping on glass followed by rattling and a person speaking
2544,metal clinks five times a coin drops knocking on glass occurs a coin drops again and a small child speaks
2561,an adult female speaks and several people laugh while slight rustling occurs in the background
2562,speech and laughter from many people
2564,a person speaking followed by a number of people laughing
2565,humming of an engine with squealing tires
2567,humming of an engine with squealing tires
2570,a woman gives a speech followed by applause
2571,a woman speaks followed by the applause of a crowd
2572,a woman speaks and a crowd applauds
2573,a woman speaking as a crowd of people applaud
2574,a woman gives a speech and a crowd claps
2575,a train horn blows several times as railroad warning signals ring in the background
2577,a train horn blowing several times as a train runs on railroad tracks and a railroad crossing signal rings in the distance
2580,pigeons coo and a distant rooster crows
2582,a rooster crowing and birds cooing
2583,a rooster crowing and birds cooing
2584,birds are making noises and flapping wings and a rooster crows
2589,humming of an engine with a ringing siren
2595,a woman talking before and after a water faucet pouring followed by clapping
2596,an adult female speaks water runs from a faucet and splashes and then the adult female speaks again
2597,a woman speaks and faucet water runs
2598,a woman is speaking then water runs from a faucet then she speaks again and there is a slapping sound
2606,passing engines with loud hums and police sirens then a man speaks on a radio
2617,sirens and a humming engine approach and pass
2619,a fire truck sounds the siren as it travels
2625,a motorbike engine running while a series of vehicle horns sound and a car alarm goes off in the background
2626,road traffic with engines followed by a shrill car alarm then whistles and several loud car horns blaring
2627,a motorcycle engine running as several vehicle horns honk while a car alarm rings in the distance
2628,a motorbike engine running as multiple car horns honk and a car alarm rings in the distance
2629,a car horn honks once shortly and then two long honks while another car honks
2635,instrumental music playing as a person whistles
2637,whistling to music
2638,a person whistling while drums play
2639,whistling with music playing
2650,a woman speaks with some light sanding
2651,female speech and rubbing
2652,female speech and scratching
2653,female speech and rubbing
2654,female speech and rubbing simultaneously
2657,a gerbil squeaking during audio static
2671,snoring occurs and then slight rustling then an adult male speaks
2674,snoring a man takes a deep breath and speaks
2675,some rowing sounds in water with light wind
2676,water splashing and trickling as wind blows into a microphone
2677,splashing with wind blowing hard
2682,music in the background as a woman speaks and food fries
2683,an adult female speaks sizzling is ongoing water runs and metal clanks and music plays in the background
2686,birds chirping with an animal clicking and calling out as crickets chirp
2691,drums and music playing with a man speaking
2698,a man screaming followed by a loud metal object slamming shut then a series of thuds and a man speaking with audio static at the end
2699,a man yells slams a door and then speaks
2704,a woman talking in an auditorium
2705,ringing of a bell with people speaking in the distance
2706,a church bell rings as a group of people talk in the background and wind blows into a microphone
2709,bells ringing with voices in background and wind blowing
2721,a cat meowing a few times
2722,a cat meowing as a person makes kissing noises followed by a guy chuckling
2723,a cat meowing and a person hums
2725,a woman talking followed by someone coughs then another woman talking as a stream of water flows and trickles
2731,muted knocking thumping and smacking are occurring accompanied by rapid and irregular breathing
2732,footsteps shuffling and fabric slapping a hard surface
2734,footsteps shuffling followed by fabric slapping a hard surface as a person heavily breathes
2739,a truck engine running while warning beeps sound followed by a man yelling then compressed air releasing
2745,a bus is idling when a voice from a speaker starts to talk
2749,a muffled bus engine running as a woman speaks over an intercom
2750,loud vibrations from a revving engine that increases
2765,a man talking as music plays followed by a guitar strumming as steam hisses in the background
2770,someone belches followed by a group of people laughing and talking then a man talking in the foreground
2771,a person burping followed by a group of people talking and laughing with a man talking in the foreground
2773,a person belching followed by two men talking then a group of people laughing
2775,food and oil sizzling followed by oil popping then steam hissing as a man talks and light music plays in the background
2776,sizzling and male speech with more sizzling
2777,food and oil sizzling followed by steam hissing as a man talks and light rock music plays in the background
2778,food and oil sizzling followed by steam hissing as a man talks while music plays in the background
2784,buzzing and scratching with some light banging
2787,clicking on a keyboard with a man speaking
2789,typing on a computer keyboard followed by a computer mouse clicking as a man sniffles before talking
2796,a man talking as a person hisses while pigeons coo and bird wings flap in the background
2797,a man talking as pigeons are cooing and birds are chirping with bird wings flapping
2798,a man speaks as birds call and pigeons coo
2799,a man speaking as someone hisses while pigeons are cooing and bird wings are flapping
2801,continuous spraying up and down
2807,a woman talking then laughing followed by plastic tapping and birds chirping in the background
2809,a woman speaking with a chuckle followed by a bird chirping
2821,two quick whistle sounds with water splashing and mixed with kids playing
2824,water splashes with people speaking in the distance and a faint whistle
2835,a duck quacking followed by plastic camera muffling
2836,a duck quacking followed by plastic camera muffling
2837,a duck quacking followed by camera muffling
2838,a duck quacking followed by plastic camera muffling
2840,firecrackers popping as a crowd of people cheer and whistle
2841,firecrackers popping as a crowd of people cheer and whistle
2842,several loud pops with people cheering
2843,a crowd of people talk then cheer and whistle as firecrackers pop in the background
2844,several clicks and pops with people cheering and yodeling
2851,a woman talking followed by a young girl talking as a toilet flushes
2852,a female speech and then a toilet flushing followed by a female speech 
2854,speech followed by a toilet flushing and more speech
2860,bells chiming as birds chirp in the background followed by plastic clanking and shuffling
2861,a bell chiming as birds chirp followed by plastic clanking and shuffling
2863,a bell chimes followed by camera muffling then plastic shuffling and a clock ticking as birds chirp in the background
2868,rustling with some distant banging and people speaking in the distance
2869,plastic crinkling followed by footsteps on concrete as metal clanging and a group of people talk in the background
2871,woman speaking with fly buzzing around
2872,a woman speaks with nearby buzzing of insects
2873,buzzing and female speech
2874,a woman speaks with nearby insects buzzing
2877,a man talking as water splashes and gurgles and a motor engine hums in the background
2881,thunder is booming and rain is falling and pattering on a surface
2886,a pig squealing as a camera muffles and a man speaks briefly
2890,an idle helicopter engine running as birds chirp in the background
2896,man speaking and clinking dishes
2899,dishes clanking followed by metal clanking on glass several times as a man is talking
2902,water splashes followed by a girl speaking then scraping followed by spitting
2903,a child speaks followed by scrubbing and spitting
2904,splashing water followed by a girl speaking then scraping and spitting
2910,race car revving its engine
2919,a man vocalizing a high-pitch sound and then speaking
2921,a woman is speaking
2925,rustling noises in the background while people talk and animals bleat
2928,sheep baaing as wind is blowing into a microphone while a crowd of people talk in the background
2929,several animals are bleating and the wind is blowing while a group of people talk in the background
2932,hissing and chugging with brief muffled speech
2937,a race car is accelerating and shifting gears
2939,car going fast with changing gear
2941,a man talking followed by footsteps shuffling then a loud popping explosion proceeded by a man laughing as music plays in the background
2961,scrapping and filing of wood followed by a man talking as a dog barks in the background
2962,sanding and filing then a man speaks
2964,sanding and scraping followed by a man speaking
2965,bee buzzes while man speaks
2966,male speech and a bug buzzing
2969,a man speaking as an insect is buzzing
2971,a man talking as a dog barks in the distance while wind blows into a microphone
2973,a man talking as a dog is barking in the distance and wind blows into a microphone
2974,a man talking with a dog barking in the distance as wind blows into a microphone
2978,ticking is ongoing soft clicking occurs and a cuckoo calls once followed by musical chimes
2979,a clock ticking followed by plastic clacking then cuckoo bird cooing before bells chiming
2980,a man speaking followed by footsteps on gravel as birds chirp in the background
2981,birds are chirping in the background while an adult male speaks and footfalls occur
2982,birds chirp and sing in the background while an adult male speaks and crunching footfalls occur
2990,a girl laughing as a person is snoring
2991,snoring is ongoing while an adult female laugh in the foreground and an adult male speaks briefly in the background
2992,a female laughs snoring occurs and an adult male speaks in the background
2993,snoring with some laughter
2994,an adult female laugh while snoring is occurring and an adult male speaks in the background
3006,a man is speaking as wind is blowing through the leaves
3008,a man speaking as wind blows through foliage and on a microphone
3009,a man speaks with wind blowing and leaves rustling
3011,a man speaks with some mechanical humming and another man speaking faintly
3015,a clock chiming
3030,a duck chirping as water lightly trickles and splashes
3031,a bird chirps and water splashes lightly
3032,water splashing and birds chirping
3033,a small birds chirps as water splashes
3034,chirping and water splashing lightly
3044,metal squeaking then plastic clacking as a man is talking followed by a faucet pouring water
3045,a person snoring
3048,a person snoring
3051,water drips and splashes birds sing quietly in the distance
3054,water trickling and lightly splashing followed by an animal hooting in the distance
3055,rain falling as birds are chirping followed by thunder
3058,bird wings flapping then a bird chirping while rain falls followed by thunder
3060,a machine is used to spray an object
3066,sizzling and a female speaking
3067,women talk while food fries
3072,an adult female speaks and an animal growls playfully
3074,a woman talking as a dog growls followed by a fan blowing air
3081,sirens ring as a vehicle passes
3092,a group of people talking as an infant cries while a muffled bus engine runs
3094,a child cries continually while a motor vehicle engine runs quietly and several adult females and adult males speak
3095,water splashing with multiple voices in background
3096,a man shouting as a stream of water splashes and a crowd of people talk in the background
3108,a man talking followed by a vehicle accelerating then two men talking as rain falls on a surface
3109,a man talking followed by two men talking then a vehicle accelerating as rain falls on a surface
3110,traffic sounds of vehicles with birds chirping and far away voices
3113,a loud engine is on as birds chirp and people are talking
3117,a river stream flowing rapidly
3118,water flows loudly
3119,water flowing down a river
3120,an animal is galloping with a clip-clop noise
3121,a horse making clip-clop noises
3122,clip clops of a horse running by
3123,a horse trotting
3124,clip clops from a horse
3125,an engine running and then revving
3133,a baby cries while an adult male speaks
3134,a baby crying and a man speaking
3135,drilling noise loud and continue
3141,a man speaks with some clicking followed by wind blowing and a door opening
3153,brief clanking followed by a woman speaking and sewing machine working
3154,woman speaks and then sewing machine stitches
3155,a truck engine running followed by a truck horn honking
3156,a truck is idling and a horn honks
3157,engine idling continuously followed by honking
3158,a truck engine running followed by a truck horn honking
3160,water softly trickling
3163,a stream of water softly trickling
3181,a young girl talking as plastic crinkles and plastic thumping against a glass surface
3182,a girl speaking with plastic crinkling
3183,a girl talking as plastic crinkles followed by plastic thumping on a hard surface
3185,pigeons coo and flap their wings
3188,many pigeons cooing and flapping
3189,pigeons cooing and flapping their wings
3193,a person whistling along to a music
3194,a person whistling as music plays in the background
3204,man speaking giving directions followed by tapping on table
3207,a kid laughing and screaming with a man chuckling and woman whispering
3211,a person is typing on a keyboard with some ruffling
3225,frogs croaking with rustling in the background
3226,two instances of bird wings flapping while frogs are croaking
3227,a group of frogs croaking as plastic flutters in the background
3229,high pitched croaking of frogs with some rustling
3232,a truck horn honking as a large truck engine drives by while a crowd of people talk in the background
3233,a truck driving by as a truck horn honks while a crowd of people talk in the background
3237,a train running on railroad tracks followed by a lawn mower engine running then a steam engine whistle blowing as a crowd of people are talking in the background
3258,gunfire is ongoing and water is splashing adult males are shouting in the background and an adult male speaks in the foreground
3259,loud gunshots and explosions with men speaking water splashing wind blowing and thunder roaring
3266,a sewing machine running and then female speech
3267,vibrations from a running sewing machine with a woman speaking
3268,loud vibrations from a sewing machine followed by a woman speaking
3269,a sewing machine is in use and a woman talks
3270,a chainsaw cutting as wood is cracking
3271,sound of cutting with a chainsaw with a little pause and again followed by the same sound
3272,a chainsaw cutting as wood cracks and creaks
3273,a chainsaw running and crackling
3275,an adult male speaks in the foreground and dogs are barking and people are talking in the background
3276,a man is speaking and a dog is barking
3277,a man speaks over a loudspeaker with a crowd talking in the distance and dogs barking
3278,a man speaks over an intercom as crowd of people talking in the background followed by a dog barking
3279,a man speaking over an intercom as a crowd of people talk followed by a dog barking
3283,a woman speaks and food sizzles
3300,a child talking followed by a man talking as a young boy mumbles while birds chirp in the background
3305,a man speaks with some clicking and some sanding
3306,a male speaking and scraping
3307,male speech and then scraping
3309,a man speaking with some light knocking and high pitched scraping
3310,birds chirp and a duck quacks followed by a dog barking
3311,a duck quacking followed by a dog whimpering then glass tapping as a film projector runs while birds chirp in the background
3312,birds chirping and then a dog barking and a duck quaking
3313,a duck quacking followed by a dog barking as birds chirp then plastic popping and a film reel rolling
3315,a man speaks and a vehicle passes
3320,a dog breathes heavily with a whirring background noise
3321,dog panting followed by footsteps
3323,a dog panting and some rustling of footsteps
3327,a baby laughs and a woman speaks
3329,a baby laughs and women laugh and speak
3332,a few electronic-sounding animal noises followed by barking from a small dog
3335,men speak as someone snores
3338,a person snores as a man talks and a person laughs
3344,humming of an idling engine
3347,a cat meowing followed by metal clacking as a water sprinkler sprays in the background
3349,a cat meows as he enters the room and something is dropped with a big thump
3360,a man talking as an infant is crying followed by a man humming
3362,a man talking as an infant is crying followed by a man humming
3363,baby crying then man speaking and humming
3364,a man talking as an infant is crying followed by a man humming
3369,clock chiming with a laughter in background
3374,a beep and clicking noise repeat 
3376,a clock ticks low and loud and someone breathes sharply near the end
3380,police sirens sounding as wind is blowing heavily into a microphone
3382,wind blowing and a siren rings
3383,police sirens wailing as wind blows heavily into a microphone
3384,an emergency siren going off as wind blows heavily into a microphone
3391,footsteps followed by creaking and a man speaking
3392,footsteps and scuffing occur after which a door grinds squeaks and clicks an adult male speaks and the door grinds squeaks and clicks shut with a thump
3393,footsteps walking on a hard surface followed by a door sliding open then a man talking before a door creaks and closes shut
3395,a duck quacking repeatedly and a horses hooves clopping
3399,ducks quack with blowing wind and faint splashes
3402,birds are chirping and singing rustling occurs and an adult male speaks briefly in the foreground and an adult male speaks in the background
3405,race cars are racing followed by people talking
3406,race car racing by some people laughing
3407,a car engine accelerating and then laughter
3410,motor cycle motor running on idle
3411,a motorcycle engine is idling
3422,a train horn blowing multiple times as a train runs on railroad tracks while a man and a young kid talk in the background alongside birds cooing in the distance
3425,heavy rain hitting the ground
3426,continuous rainfall
3427,hard rain is falling and splashing on a surface
3428,continuous rainfall
3443,a person sneezing then speaking followed by someone chuckles as a clock ticks in the background
3444,a rapid ticktock and then a man speaks and sneezes followed by another man hiccuping
3450,a power tool drilling as music plays in the background
3451,a sustained drilling noise as music plays in the background
3458,wind blows and waves crash with distant humming
3459,waves are crashing as the wind blows heavily
3460,a powerful engine revs as it idles
3476,a goat baaing normally before and after a goat screaming
3478,a goat baaing normally before and after a goat screaming
3480,a vehicle horn honking as a series of electronic beeps chime followed by a plastic click
3481,car horn and alarm blare simultaneously
3482,a vehicle horn honking during a series of electronic beeps
3483,digital beeping with a horn honking twice
3484,a series of electronic dings while a vehicle horn honks twice followed by a plastic click while a dog barks in the distance
3487,a man speaking followed by sawing then plastic crinkling as water trickles
3493,an airplane engine and wind
3494,an airplane is taking flight
3496,a man talking as a camera muffles followed by a loud explosion then a group of people laughing and talking
3498,some men speeches low followed by an explosion then the man speeches louder and laugh
3511,trickling water sounds with breathing in the background
3524,a motorcycle driving then accelerating as a man talks over an intercom followed by another man cheering
3525,a man laughing
3526,a person laughing
3527,a man laughing
3528,a person laughs
3529,brief silence followed by a man laughing
3530,a motor vehicle engine clicks and whirs and tries to start three times metal clinks softly then a deep buzz occurs
3532,a vehicle struggling to start with some clicks and whines
3533,an engine struggling to start with some clicks
3540,a man speaking and another speaks over the phone
3541,a man speaking followed by another man speaking through a telephone speaker
3542,a man speaks nearby and another speaks over the phone
3543,a man speaking on the phone to another person
3544,male speech with another male speaking on the phone
3551,a woman repeatedly sneezing and coughing
3552,a woman sneezing repeatedly
3554,a woman sneezing repeatedly
3557,an infant crying as clothes rustle
3558,an infant crying as cloth shuffles
3565,the clinking of glasses with some rustling
3566,glass clinks thumps occur and then silverware clatters
3568,dishes and silverware rattle and click from movement
3569,porcelain dishes clank followed by metal rattling
3571,a group of birds chirp and pigeons coo
3572,several birds chirping and pigeons cooing
3575,a bleeping noise followed by a loud object in use
3576,engine working beeping and a scraping
3577,digital beeping followed by rapid vibrations and humming
3578,plastic tapping followed by an electronic beep then by a toy car motor revving and plastic scrapping against a wooden surface
3580,a man speaking on a microphone as a crowd of people laugh followed by glass clinking
3581,a man speaks as an audience laughs
3582,a man speaking on a microphone as a crowd of people laugh followed by dinner plates clacking
3583,an adult male speaking through a microphone on a stage while an audience laughs at him
3584,an adult male is speaking and an audience is laughing
3588,race cars are racing and skidding tires
3596,a car engine idling
3610,a group of people talking in the background as compressed air sprays while a tin can rattles followed by a man talking
3615,a helicopter engine running as wind blows heavily into a microphone
3617,a helicopter engine operating while wind blows heavily into a microphone
3619,a helicopter engine running idle as wind blows heavily into a microphone
3621,plastic bonking as metal shuffles and clanks while a motor engine hums in the background
3624,machine motors operating followed by glass boinking and a series of metal clacking and shuffling
3631,cracking and banging
3636,a toilet flushes as a bird chirps in the distance followed by a man speaking in the background
3639,a bird tweets far away and someone flushes the toilet
3641,a power tool drill operating followed by compressed air releasing and steam hissing
3646,a young girl singing as a sewing machine operates
3647,a girl sings while a sewing machine stitches and then speaks when it stops
3649,a small girl sings with vibrations of a sewing machine which stops
3659,an emergency vehicle two-tone siren is blaring and fades and hissing is present
3660,rubbing occurs while the electric motor runs
3661,a machine works while something is rasping
3664,a motor humming as wood is being scrapped and sanded
3666,consistent muffled thunder
3667,heavy wind and thunder
3669,continuous thunder
3670,light wind with people screaming and engine running
3672,strong gusts of wind are followed by cheers and shouts from several people plus the chatter of girl
3673,high wind with people yelling
3674,heavy wind followed by yelling and cheering
3675,some rustling then silence then traffic passing in the distance with a cat meowing
3680,a woman speaks with some rustling and hissing
3681,a woman speaks with some rattling and some spraying
3682,a woman speaking followed by spraying
3683,a woman speaks with some clicks and then hissing
3684,a woman vocally demonstrating something followed by spraying
3685,frogs croaking together with a man speaking followed by rustling
3688,several frogs chirping near and far with men speaking and some banging
3696,several birds chirp with trickling water followed by booms of drums
3698,water is trickling as birds chirp and soft beats of a bass drum begin to occur
3699,water trickles as birds chirp then drums begin to play
3705,a vehicle accelerating and revving while tires are skidding
3706,a car engine accelerating and revving while tires skid
3709,car accelerating and skidding on tarmac
3716,a man gasping for air then talking followed by mumbling
3726,the wind is blowing a large motor vehicle engine idles an electronic signal beep a vehicle horn blows and faint speech is present in the background
3730,people speak followed by a loud air horn and people laughing
3731,a young man whispering followed by a horn honking then a group of people laughing while someone claps
3732,people whisper and then a horn sounds and people laugh
3733,people are whispering and a horn sounds followed by laughter
3734,a young man and a girl talking followed by a horn honking then a group of people laughing and a person clapping
3735,a man talking while another person talks in the distance as water trickles and birds chirp in the background
3746,water is running and hitting a surface and women speaks
3750,water splashing as a baby is laughing and birds chirp in the background
3751,splashing a baby laughs then a woman laughs
3752,water splashing and a baby laughing
3754,an infant and woman laughing as water splashes and birds chirp in the background
3760,a cat meows and hisses
3761,a cat meowing and hissing
3762,a cat meowing and hissing
3768,a car engine revs as it passes by
3771,man speaking swords clash monstrous voice speaks
3775,speech followed by quietness and a man speaks and laughs
3781,bees buzz while two men talk followed by a sniffle
3785,a man talking then whistling
3786,a man talks and then whistles
3787,a man talking then whistling
3788,a man talking then whistling
3789,a man speaking then whistling
3793,a man speaking as well as an engine idling in the background
3813,a motorcycle engine running idle then revving
3814,sputtering and humming of an engine
3824,a man is speaking as food is frying
3828,yelling and water flowing
3832,pigeons cooing and bird wings flapping as footsteps shuffle on paper
3850,a quiet ticking sound at regular intervals interval shortens near the end and a man coughs quietly
3851,a clock ticking for several seconds followed by faint coughing
3860,male speech and then a burp
3862,men riding in the car talking then man burps loudly and then the other chuckles
3867,a small high frequency motor vibrates
3868,a small engine whirring
3871,ocean waves crashing as a woman laughs and yells as a group of boys and girls scream and laugh in the distance
3872,a woman yelling and laughing as a group of people shout while ocean waves crash and wind blows into a microphone
3875,cats meowing and then wind
3876,a cat meowing as wind blows into a microphone
3878,cats meow as the wind blows
3879,a cat meowing as wind blows into a microphone
3885,a running train and then a train whistle
3918,gunshots firing in the distance followed by gunshots and explosions going off as a man is talking
3922,a bird making vocalizations from a distance followed by several people whispering nearby
3935,a vehicle engine revving several times with a series of compressed air releasing and plastic pops
3951,clicking and humming with people speaking followed by a hydraulic hiss
3952,people speaking faintly with some humming and a hydraulic hiss
3953,a muffled steam engine running as a crowd of people talk followed by muffled steam hissing
3960,birds chirping and wind blowing in the background followed by a man talking then a goat baaing
3970,a small child and woman speak with splashing water
3971,a woman and a young boy talking as water splashes and a group of kids yell in the distance
3972,a river stream flowing while a woman and a kid are talking as birds chirp in the background
3973,a woman and young boy talking as a river stream flows and a young girl talks in the distance
3974,a child and a women speaking with water running in the background
3975,a man speaks followed by bursts of hissing
3976,compressed air spraying multiple times as a man is talking with faint metal clanging in the background
3977,a man talking as compressed air is spraying with wood clanking in the distance
3978,a man talking as a series of compressed air sprays
3985,a man laughing then a girl laughing during a loud power tool motor running
3990,a person speaks with some whistling and typing with faint booms
3991,a person speaks followed by clicking
4001,low humming and vibrating with a spray and a man speaking
4002,a man speaks with spraying and vibration in the background
4003,an electronic motor rumbling followed by a man talking and pressurized air spraying then a louder electronic motor rumbling
4004,a man speaking followed by air spraying while vibration rumbling grows louder
4014,insects buzz faintly with distant chirps of birds and blowing wind
4016,wood shuffling and clanking followed by knocking on wood and leaves rustling as wind blows into a microphone and a crow caws in the background
4018,fabric rustling followed by wood clanking then knocking on a hollow wooden surface as dirt and gravel pour out while crows caw in the background and wind blows into a microphone
4019,cracking with some rustling as distant birds chirp
4023,airplane moving down a runway with muddled speech in background
4028,a child whining and crying
4036,a female child speaks clattering and banging occur and the child screams an adult male speaks in the background and then more clattering and banging occur
4037,child talking then door crashing and her screaming
4039,a young girl speaking followed by a loud bang and a scream
4044,water flowing and splashing
4053,toilet flushing
4054,water flowing down a flushed toilet
4056,dogs are whimpering
4057,a dog whimpering constantly then ultimately growls
4059,dogs whimpering then a bark and a growl
4070,male and female speech and then water running
4071,two people talking then water running
4072,a man and an elderly woman talking as plastic clacks followed by a faucet pouring water as water runs down a drain
4073,a man and woman speak and then water runs
4074,a man and a woman talking followed by water pouring and draining down a pipe
4076,hissing spray is ongoing and an adult male speaks in the foreground while several adult males speak in the background
4078,a young man talking and a man laughing in the background with a spraying sound 
4079,men are communicating with a hissing noise in the background
4090,male speaking and then applause
4092,a man speaks and then an audience claps
4093,a man speaks followed by applause
4094,a man speaks and an audience applauds
4098,a beep is followed by retching and muffled speech
4099,a man is speaking followed by a beep and burping sound
4100,a man speaks followed by a toilet flush
4101,a man speaks followed by a toilet flushing
4102,a man talking followed by a toilet flushing
4103,a man speaks before a toilet flush
4104,a man talking followed by a toilet flushing
4108,an engine running with some birds near the end
4113,a power tool is turned on and off several times
4114,vibrations and humming from a power tool starting and stopping several times
4115,metal clanking and gears cranking as steam hisses
4116,steam hissing followed by a series of metal levers cranking then more steam hissing
4118,hissing is ongoing while metal clattering and clanking occur
4119,steam followed by knocking sounds
4120,waves crashing birds chirping lightly and a brief musical tone
4121,wind is mixed with a musical tone
4122,winds and ocean waves crashing while a chime instrument briefly plays a melody
4124,gusts of wind blowing followed by harp music then more wind blowing and birds chirping in the background
4127,a woman sobbing and speaking
4135,wind blows and a small bird chirps
4159,babies crying as a woman is laughing and a man is talking
4167,water running together with distant singing and brief clanking
4173,a horn honking several times
4175,humming and sputtering from an idling engine
4183,wind blowing and ocean in the background
4190,a male speaking and shoes squeaking after a swoosh
4191,a whooshing effect followed by a man talking as basketballs bounce and shoes squeak on a hard surface while a crowd of people yell in the background
4193,a whoosh and some humming followed by feet squeaking and men speaking in the distance with a man speaking nearby
4195,light intermittent hissing
4200,a man talking as pigeons coo and bird wings flap
4201,a man speaking and wings flapping
4202,a man speaks as pigeons coo and wings flap
4203,a man speaks while birds flap
4204,a man talking as pigeons coo and bird wings flap
4206,wind blowing hard as people speak
4207,a man yelling as another man is laughing as wind blows heavily into a microphone
4208,a man shouting then laughing as wind blows heavily into a microphone
4209,a loud wind sound as a man is speaking and laughing
4240,a woman and a child is communicating and birds chirp
4241,a girl speaks with some rustling of grass and a distant bird chirping
4242,women child talking and birds chirping
4243,a woman and child speak while birds call
4244,a child speaks followed by a woman speaking and birds tweeting
4251,a stream of water rushing as a man shouts in the distance
4252,water rushing loudly while a man yells in the background
4253,a large volume of water is rushing fast splashing and roaring and an adult male shout in the background
4255,footsteps shuffling followed by a wooden door softly opening then a clock ticking
4256,a clock ticks and an object is tapped
4257,several slight bangs occur during a constant ticktock
4260,horses trotting while wood clanks several times as a woman talks and birds chirp in the background alongside wind blowing into a microphone
4263,plastic clanking as a horse trots and a woman talks in the background
4264,an animal is moving with clip-clop noise with speech in the background
4266,frogs call out to each other over the chirp of insects
4267,frogs and crickets chirping during nature ambiance
4268,frogs and crickets chirping and croaking
4272,typing on a keyboard
4280,a small motor is buzzing and water is running splashing and gurgling
4284,a steady stream of water flowing as a small motor hum followed by plastic clicking
4286,several bells ring
4287,several bells ringing rapidly and then a single bell
4288,large bells ringing
4295,a telephone rings with bell sounds
4296,a ring tone begins with a high pitched bell followed by a traditional telephone ring
4305,rustling pigeons coo
4310,train blows horn twice as it speeds down the tracks
4311,a honk followed by loud gusts of wind as a train passes by
4312,a train horn honks with a train racing by
4323,some cars passing by with people murmuring in the distance
4327,a motor vehicle engine runs and revs then it stops and an adult male speaks
4329,an engine revving and then male speech
4331,a girl giving a speech
4333,a young girl giving a speech
4336,footsteps shuffling followed a cat meowing then a toilet flushing
4337,a toilet is flushing followed by a cat meowing
4338,footsteps shuffling followed by a cat meowing and then a toilet flushing
4339,footsteps shuffling followed by a cat meowing then a toilet flushing
4342,burping and girls laughing with many voices in the background
4343,a crowd murmuring with several belches followed by laughter
4344,a crowd of people talking followed by two girls belching with a group of girls laughing
4350,a man talking followed by wood sawing then paper shuffling
4352,a man briefly speaks followed by a sawing sound and then starts talking again
4353,a man talking followed by wood being sawed followed by paper shuffling
4364,repetitive snoring
4375,a metal pan clacking followed by compressed air spraying then an aerosol can tapping a hard surface while a man talks
4377,a man speaking with the clinking of dishes in the background following by the hiss of an oil mister spraying
4380,a man is speaking followed by a tap and motorcycle turning on
4381,a male speech followed by an engine starting
4382,a man speaks followed by several clicks then an engine struggling to start
4383,a man is talking and a motorcycle engine is started
4384,a man talking followed by a metal clack then a motorcycle engine starting up
4386,rain falling and dripping from a roof then thunder rolls
4387,light rain and water dripping followed by thunder
4388,rain is falling splashing on a surface and gurgling and thunder crashes
4394,a train travels on the railroad and sounds the train horn
4399,a man speaks as he gives a speech and then the crowd cheers
4407,emergency sirens wailing
4410,a toilet flushes and water splashes around noisily
4411,a toilet flushing
4412,a toilet flushing
4414,a toilet flushes and water drains
4416,rustling followed by baaing and then more rustling
4417,pebbles and rocks bouncing off of a wooden surface as footsteps walk on gravel and dirt followed by a goat baaing as a muffled animal moan in the background
4421,a woman speaking over a phone and a man speaking
4422,a woman and man speaking followed by a phone clicking then a phone call ring
4423,an adult female speaks through a phone an adult male speaks the adult female speaks again the adult male speaks the adult female speaks once more a click occurs and then a phone rings
4424,man and woman talking on phone clicking and tone when hanging up
4430,a fly is buzzing around a man speaks
4431,a mosquito is buzzing and continues to do so as a man starts to talk
4432,an insect buzzing followed by a man talking
4433,mosquitoes are buzzing and a man speaks
4436,a man speaking with murmuring in the background
4442,a motorbike accelerating and revving as wind blows into a microphone
4453,computer keyboard clicks as typing occurs
4457,a train is passing by and sound its whistle 
4465,clip-clop of horse with an engine idling in the background
4466,clip clops of horses on a hard surface
4467,horses trotting on a hard surface as a motor rumbles rapidly for a brief period in the background
4468,a couple of horses are slowly walking in unison
4470,a baby crying repeatedly
4474,a baby cries continuously
4479,a race car races and the engine accelerates
4486,a very light snoring
4492,a man speaks with others speaking in the distance and traffic passing with a few horns honking
4494,men speak with traffic passing in the distance with a honk of a horn
4496,a woman speaks and a person makes animal sounds followed by laughter
4505,humming with distant traffic passing and a distant siren ringing
4507,wind blowing with distant traffic passing and sirens ringing
4511,a toy helicopter flying as wind blows into a microphone
4512,a toy helicopter engine flying as wind blows into a microphone
4513,a toy helicopter flying as wind blows into a microphone
4514,a toy helicopter flying as wind blows into a microphone
4522,a sneeze occurs followed by sniffling and the start of another sneeze while a baby coos in the background
4523,a sneeze occurs followed by sniffling and a child babbling in the background
4532,steam hissing followed by a train whistle blowing and a group of people talking in the background
4533,a steam engine horn whistles followed by steam hissing as a group of people talk in the background
4536,men speak and laugh with humming of an engine
4546,loud pops followed by rustling
4547,bursting and popping noises like gunfire
4552,birds chirping as insects buzzing followed by a man talking in the distance
4573,water pouring into a container followed by grain grinding and plastic tapping
4579,engine sounds with a man speaking
4581,a sewing machine stitches rapidly then slows and then returns to rapid sewing
4602,wood sanding followed by a woman talking as a clock ticks proceeded by a cuckoo clock alarm cooing and bell ringing
4603,rustling and distant sanding with nearby ticking and chiming from a coo clock
4605,music is ongoing while two adult males speak and sizzling and crackling occur along with random metal scraping
4606,frying and talking right after music starts
4607,music plays while two men speak each other with dishes clanking and food sizzling
4608,instrumental music playing followed by two men speaking as food and oil sizzle and metal clanking against a pot
4609,music then sizzle of frying food while male speaks
4611,a pig snorting as dogs are growling and breathing heavily while grass and leaves rustle
4612,snorting and breathing
4613,dogs growling as a pig snorts while grass rustles and someone is heavily breathing
4614,a boar snorting as dogs growl and heavily breathe while footsteps shuffle on foliage and crickets chirp in the background
4622,whistling is ongoing a child speaks and an adult male speaks birds coo and rustling and soft metal clattering are occurring
4623,a man talking while a child talks and a person whistles followed by pigeons cooing and metal tapping and rattling
4625,a baby cries and a woman speaks followed by some light rustling and someone speaking faintly over a television
4628,a baby cries followed by a woman speaking
4631,a whoosh occurs followed by an explosion soft clattering snapping and crackling
4636,a brisk wind is blowing hissing is ongoing and an adult male speaks
4637,wind blowing followed by a man speaking
4638,a wind blows as a man speaks outside
4640,water splashing occurs while a person quacks to imitate a duck and an adult female laughs
4641,water splashes then a duck quacks then a person laughs
4642,a duck quacks and splashes and a human chuckles
4643,water splashing as duck quacks followed by brief laughter
4644,water splashing followed by a duck quacking then a person laughing as water splashes
4655,vibrations from a sewing machine
4657,vibrations from a sewing machine
4670,a woman laughing followed by a sheep baaing and wind blowing into a microphone
4672,a woman laughing followed by the bleating of sheep and a soft breeze
4674,the wind is blowing and an adult male laughs and animals bleat
4676,a power tool sawing wood followed by a machine motor running while cutting wood
4680,a woman laughs then talks as horse breaths and gallops on grass
4683,a horse is clip-clopping with a woman is laughing in the background
4688,a man speaking as an idle motorboat engine runs and water trickles while wind blows into a microphone
4695,three young ladies' speech while sheep bleats
4696,a woman talking as a sheep baa and birds are cawing in the background followed by a woman speaking in the foreground then another woman and kid talking
4697,different female voices speaking followed by sheep bleating from a distance and voices of young people shortly thereafter
4704,race cars are auto racing
4707,a man talking then clearing his throat as food sizzles and a metal pot clangs
4710,a woman performs a speech
4717,a band plays horn and string instruments while waves crash nearby
4721,a man is speaking as frogs croak
4723,an adult male speaks while thumps occur in the background then frogs croak and the adult male speaks again
4724,an adult male speaks a tapping sound occurs and frogs croak
4725,birds chirping and a horse neighing
4727,a metal clack followed by a horse neighing as gusts of wind blow and birds chirp in the background
4728,a metal clack followed by a horse neighing as birds chirp and gusts of wind blow in the background
4729,humming of engines followed by the neigh of a horse and birds chirping in the background
4735,chewing as liquid is poured and some light banging on a hard surface
4740,a loud burst followed by laughter
4742,wind blowing hard with a loud explosion and people laughing
4746,a motorcycle engine and talking
4755,male voice speaking briefly followed by drilling
4763,a loud engine roars followed by four loud beeps 
4764,an engine running and a beeping sound
4767,a long loud burp
4768,burping belching
4769,a person burps loudly
4770,an engine idling with light wind
4771,an idle motorbike engine running as a bird chirps in the background and wind blows into a microphone
4772,an idle motorbike engine running as a bird chirps in the background and wind blows into a microphone
4773,an idle motorbike engine running while birds chirp in the background and wind blows into a microphone
4774,a motorbike engine running idle as wind blows into a microphone and birds chirp in the background
4779,a man talking as fabric shuffles during a series of computer mouse clicks
4781,a woman talking then a man talking followed by a goat baaing as a kid talks in the background
4782,a woman talking then a child talking followed by a man talking then a goat yelling
4784,a man baaing followed by a goat baaing as a child and a woman talk while metal pots clank in the background
